districtid,districtname,outcome,bq,cpc,gpc,lpc,ndp,ppc,bqstd,cpcstd,gpcstd,lpcstd,ndpstd,ppcstd
10001,Avalon,lpc,0,33,0,60.8,5.7,0.6,0,1.9,0,2.2,1.7,0.8
10002,Cape Spear,lpc,0,21.3,0,68.5,9.6,0.6,0,1.5,0,2.6,2.7,0.8
10003,Central Newfoundland,lpc,0,44.7,0,52.6,2.7,0,0,2.1,0,2.1,0.8,0
10004,Labrador,lpc,0,33.1,0,55.6,10.3,1.1,0,2.2,0,2.7,3,1.4
10005,Long Range Mountains,lpc,0,39.9,0,53.9,4.8,1.4,0,2.2,0,2.4,1.4,1.8
10006,St. John's East,lpc,0,20.9,0,62.4,16,0.7,0,1.7,0,3.6,4.3,0.9
10007,Terra Nova-The Peninsulas,lpc,0,39.8,0,55.7,3.3,1.2,0,2.1,0,2.3,1,1.6
11001,Cardigan,lpc,0,30.8,4.1,60.3,3.9,1,0,2.3,4.3,3.4,1.2,1.3
11002,Charlottetown,lpc,0,31.2,8,56,4.3,0.6,0,3.3,8.1,5.3,1.4,0.8
11003,Egmont,lpc,0,31.4,8,55.6,3.5,1.6,0,3.3,8,5.3,1.1,2
11004,Malpeque,lpc,0,33.4,11.7,50.7,3.2,0.9,0,4.8,11.7,7,1.1,1.2
12001,Acadie-Annapolis,cpc,0,54.2,0,38.7,5.3,1.8,0,2.6,0,2.2,1.6,2.3
12002,Cape Breton-Canso-Antigonish,lpc,0,36.2,0.4,56,6,1.3,0,2.1,0.5,2.4,1.8,1.7
12003,Central Nova,lpc,0,34.7,1.4,55.9,6.7,1.3,0,2.2,1.5,2.6,2,1.7
12004,Cumberland-Colchester,cpc,0,48.3,2.3,42.9,5.1,1.4,0,2.7,2.5,2.4,1.5,1.8
12005,Dartmouth-Cole Harbour,lpc,0,3.5,3,74.2,15.7,3.6,0,0.4,3.2,5.8,4.4,4.7
12006,Halifax,lpc,0,15.6,2.3,61.8,19.5,0.8,0,1.5,2.5,4.5,5.1,1.1
12007,Halifax West,lpc,0,23.5,2.3,62.2,11.2,0.8,0,1.8,2.4,3.2,3.2,1
12008,Kings-Hants,lpc,0,32.2,1.8,56.6,7.9,1.5,0,2.1,1.9,2.8,2.3,2
12009,Sackville-Bedford-Preston,lpc,0,27.4,1.9,58.7,10.8,1.2,0,2,2,3,3.1,1.6
12010,South Shore-St. Margarets,cpc,0,45.4,2.5,44.5,7.6,0,0,2.6,2.7,2.5,2.2,0
12011,Sydney-Glace Bay,lpc,0,36.5,0.6,53.5,8.4,1.1,0,2.2,0.6,2.5,2.4,1.4
13001,Acadie-Bathurst,lpc,0,13.8,2.4,77.5,4.5,1.8,0,1.1,2.6,3.2,1.4,2.4
13002,Beaus�jour,lpc,0,19.9,4.9,68.2,4.5,2.4,0,1.8,5.1,4.6,1.4,3.1
13003,Fredericton-Oromocto,lpc,0,36.1,11.1,47.3,5.4,0.1,0,5,11.2,6.2,1.7,0.1
13004,Fundy Royal,cpc,0,51.7,4.7,34.2,6.4,3,0,4,4.9,2.9,2,3.9
13005,Madawaska-Restigouche,lpc,0,28.6,2.4,64.1,2.5,2.4,0,2.1,2.5,3.2,0.8,3.2
13006,Miramichi-Grand Lake,cpc,0,46.2,4,45.1,3,1.7,0,3.1,4.3,3,0.9,2.3
13007,Moncton-Dieppe,lpc,0,23.9,3.8,63.2,7,2.1,0,2,4,3.8,2.1,2.7
13008,Saint John-Kennebecasis,lpc,0,37.7,2.6,52.8,5.4,1.6,0,2.4,2.8,2.8,1.6,2.1
13009,Saint John-St. Croix,cpc,0,51.3,3.7,36.7,5.7,2.6,0,3.5,3.9,2.8,1.7,3.3
13010,Tobique-Mactaquac,cpc,0,58.1,4.5,29.8,5,2.5,0,4.1,4.8,2.5,1.6,3.2
24001,Abitibi-Baie-James-Nunavik-Eeyou,lpc,29.8,20.6,1.7,40.3,6,1.5,10.3,3.3,1.9,6.2,2,2
24002,Abitibi-T�miscamingue,bq,40.2,15.4,1.8,38,3.2,1.4,11.9,3.2,2,7.7,1.2,1.8
24003,Ahuntsic-Cartierville,lpc,15,8.9,2.7,67.5,5.1,0.9,6.2,1,2.9,5.6,1.6,1.2
24004,Alfred-Pellan,lpc,17.7,14.6,1.5,62.6,3.4,0.1,7,1.6,1.7,5.7,1.1,0.2
24005,Argenteuil-La Petite-Nation,lpc,23.5,15.8,0.4,54.9,3.3,2.1,8.8,2.1,0.4,6.7,1.1,2.8
24006,Beauce,cpc,11.7,60.5,0.9,18.5,1.4,7,5.1,6.9,1,2.3,0.5,8.9
24007,Beauharnois-Salaberry-Soulanges-Huntingdon,lpc,37.5,15.2,0.2,41.9,3.8,1.3,11.5,3,0.2,7.9,1.3,1.8
24008,Beauport-Limoilou,cpc,22.4,36,2.1,34.9,4.6,0.1,8.4,4.3,2.2,4.2,1.5,0.2
24009,B�cancour-Nicolet-Saurel-Aln�bak,bq,44.4,22.7,1.8,27.3,2.7,1,12.4,5.2,2,6.2,1,1.4
24010,Bellechasse-Les Etchemins-L�vis,cpc,15.9,59.3,1.4,21.2,2.2,0,6.4,4.9,1.5,2.1,0.7,0
24011,Beloeil-Chambly,bq,43.4,11.3,2.3,37.7,4.5,0.9,12.2,2.5,2.5,8.2,1.7,1.1
24012,Berthier-Maskinong�,bq,33.2,16.6,1.2,28,19.6,1.3,10.9,3,1.4,5,5.9,1.7
24013,Bourassa,lpc,11.8,7.3,1.6,74.8,3.3,1.2,5,0.7,1.7,4.8,1,1.6
24014,Brome-Missisquoi,lpc,24.9,19.2,2.4,49.4,2.9,1.2,9.1,2.6,2.6,6.3,1,1.6
24015,Brossard-Saint-Lambert,lpc,13,12.8,0,69,4.4,0.8,5.4,1.2,0,4.6,1.4,1.1
24016,Charlesbourg-Haute-Saint-Charles,cpc,17.1,51.1,1.6,26.7,2.7,0.8,6.8,4.7,1.7,2.7,0.8,1
24017,Ch�teauguay-Les Jardins-de-Napierville,lpc,26.6,14.5,1.5,52.2,3.7,1.4,9.5,2.1,1.6,7.1,1.2,1.9
24018,Chicoutimi-Le Fjord,cpc,24,46.9,1.2,25.3,2.2,0.5,8.7,5.7,1.3,3.2,0.7,0.7
24019,Compton-Stanstead,lpc,21.5,20.1,2.7,50.7,3.5,1.4,8.3,2.5,2.9,5.8,1.1,1.8
24020,C�te-du-Sud-Rivi�re-du-Loup-Kataskomiq-T�miscouata,cpc,20.9,51.4,0,26.1,1.5,0.1,7.8,5.4,0,2.9,0.5,0.2
24021,C�te-Nord-Kawawachikamach-Nitassinan,bq,40.8,28.1,0,28.9,2.2,0,11.9,5.8,0,5.9,0.8,0
24022,Dorval-Lachine-LaSalle,lpc,10.4,12.8,2.6,67.2,5.6,1.4,4.4,1.2,2.7,4.4,1.7,1.9
24023,Drummond,bq,38.6,24.5,0,30.8,6.1,0,11.7,4.8,0,6,2.1,0
24024,Gasp�sie-Les �les-de-la-Madeleine-Listuguj,lpc,31.6,9.7,0,55.9,2,0.7,10.6,1.6,0,8.7,0.7,1
24025,Gatineau,lpc,15.7,12.2,1.5,65.6,3.7,1.4,6.3,1.3,1.6,5.4,1.2,1.8
24026,Hochelaga-Rosemont-Est,lpc,23.8,5.9,2.1,57.3,10,0.9,8.9,0.8,2.2,7.2,3.1,1.2
24027,Honor�-Mercier,lpc,10.2,10.8,1.3,73.4,3,1.3,4.3,1,1.4,4.2,0.9,1.8
24028,Hull-Aylmer,lpc,10.7,11.7,2.6,68.2,5.5,1.2,4.5,1.1,2.8,4.5,1.7,1.6
24029,Joliette-Manawan,bq,44.7,12.8,2.2,35.9,3.1,1.3,12.4,3,2.5,8.2,1.2,1.7
24030,Jonqui�re,cpc,31.5,34.2,1.7,30,2.6,0,10.5,5.5,1.9,4.8,0.9,0
24031,La Pointe-de-l'�le,lpc,36.1,8.6,0,49.3,4.9,1.1,11.4,1.6,0,8.9,1.7,1.5
24032,La Prairie-Atateken,lpc,31.9,12,1.7,49.9,3.5,1,10.7,2.1,1.8,8,1.2,1.3
24033,Lac-Saint-Jean,bq,37.8,31,1.7,27.9,1.6,0,11.5,5.9,1.8,5.3,0.6,0
24034,Lac-Saint-Louis,lpc,3.3,19.2,2.8,68.4,5.4,0.9,1.5,1.5,3,3.1,1.6,1.2
24035,LaSalle-�mard-Verdun,lpc,15.9,9.1,3,61.8,9,1.3,6.5,1,3.2,5.8,2.7,1.7
24036,Laurentides-Labelle,bq,41.7,13.9,2.7,37.2,2.9,1.5,12.1,3,2.9,7.9,1.1,2
24037,Laurier-Sainte-Marie,lpc,15.7,5.7,2.4,60.1,15.4,0.7,6.4,0.7,2.6,5.8,4.3,0.9
24038,Laval-Les �les,lpc,12.5,18.9,1.3,62.4,3.2,1.7,5.3,1.7,1.4,4.4,1,2.2
24039,Les Pays-d'en-Haut,lpc,37.5,15.2,1.7,40.3,3.6,1.8,11.5,3,1.8,7.7,1.3,2.3
24040,L�vis-Lotbini�re,cpc,16.2,57.2,1.3,21.2,3.3,0.9,6.5,4.9,1.4,2.1,1.1,1.1
24041,Longueuil-Charles-LeMoyne,lpc,25.1,9.8,2.4,56.8,4.8,1.1,9.2,1.4,2.6,7.3,1.6,1.4
24042,Longueuil-Saint-Hubert,lpc,29.8,8.2,2.8,54.5,3.8,0.9,10.1,1.3,3,8.1,1.3,1.2
24043,Louis-H�bert,lpc,18,26.5,2.4,49.9,3.1,0,7.1,2.8,2.6,4.8,1,0
24044,Louis-Saint-Laurent-Akiawenhrahk,cpc,13.8,58.4,1.4,23.3,2.4,0.8,5.7,4.4,1.5,2.1,0.7,1
24045,Marc-Aur�le-Fortin,lpc,21.5,13.4,0,60.2,3.9,1,8.1,1.7,0,6.5,1.2,1.4
24046,M�gantic-L'�rable-Lotbini�re,cpc,13.6,64.2,1.3,18.3,1.4,1.2,5.7,4.7,1.3,1.7,0.5,1.6
24047,Mirabel,lpc,36.1,17.4,2.4,38.1,4.5,1.6,11.4,3.3,2.6,7,1.6,2
24048,Mount Royal,lpc,2.5,23.6,2.3,67.4,3.4,0.8,1.1,1.6,2.4,2.7,1.1,1.1
24049,Mont-Saint-Bruno-L'Acadie,lpc,33.5,11.8,0.2,49.7,4,0.8,10.9,2.1,0.2,8.3,1.4,1.1
24050,Montcalm,bq,43.5,15.9,2.9,32.5,3.4,1.8,12.3,3.6,3.2,7.3,1.3,2.4
24051,Montmorency-Charlevoix,cpc,26.6,40.4,1.2,28.9,2.2,0.7,9.5,5.5,1.3,4,0.7,0.9
24052,Notre-Dame-de-Gr�ce-Westmount,lpc,4,14.5,3.6,68.2,8.6,1.1,1.8,1.3,3.9,3.9,2.5,1.4
24053,Outremont,lpc,11.3,8.7,3.1,63.2,12.9,0.8,4.9,0.9,3.4,5.1,3.7,1.1
24054,Papineau,lpc,10.7,5.6,3.1,69.4,10.4,0.8,4.6,0.6,3.3,5,3,1.1
24055,Pierre-Boucher-Les Patriotes-Verch�res,bq,43,11.6,0,40.6,4,0.8,12.1,2.6,0,8.7,1.5,1.1
24056,Pierrefonds-Dollard,lpc,4.9,21.2,0,68,4.7,1.2,2.2,1.5,0,2.7,1.4,1.6
24057,Pontiac-Kitigan Zibi,lpc,10.2,23.4,2.7,57.3,4.9,1.5,4.4,2,2.9,3.9,1.5,2
24058,Portneuf-Jacques-Cartier,cpc,16.6,59.7,0,20.7,2.1,0.9,6.6,5.1,0,2.1,0.7,1.1
24059,Qu�bec Centre,lpc,20.6,20.9,2.3,49.7,5.9,0.6,7.7,2.5,2.5,5.3,1.8,0.8
24060,Repentigny,lpc,40.5,11.6,0,44,3.9,0,12,2.4,0,9,1.4,0
24061,Richmond-Arthabaska,cpc,17.6,58.1,0,20.9,2.1,1.3,6.9,5.3,0,2.2,0.7,1.7
24062,Rimouski-La Matap�dia,bq,44.5,15.3,0,36.1,3.2,0.9,12.4,3.5,0,8.2,1.2,1.2
24063,Rivi�re-des-Mille-�les,lpc,29.8,12.4,1.9,51.4,3.5,1,10.1,2,2,7.6,1.2,1.4
24064,Rivi�re-du-Nord,bq,41.8,16.2,0.3,36.3,3.7,1.7,12.1,3.5,0.4,7.7,1.4,2.2
24065,Rosemont-La Petite-Patrie,lpc,19.7,6.1,3,42.1,29.1,0,7.9,0.9,3.3,6,7.4,0
24066,Saint-Hyacinthe-Bagot-Acton,bq,38.2,18.1,0,36.3,6.2,1.1,11.6,3.6,0,7,2.1,1.5
24067,Saint-Jean,lpc,35.2,16.2,2.3,42.7,3.7,0,11,2.9,2.5,7.4,1.3,0
24068,Saint-Laurent,lpc,4.9,18.4,0.1,71.3,4.3,1,2.2,1.4,0.1,2.6,1.3,1.3
24069,Saint-L�onard-Saint-Michel,lpc,4.8,10.2,0,80.8,3.2,1.2,2.2,0.8,0,2.5,1,1.5
24070,Saint-Maurice-Champlain,lpc,20.3,20,1.2,56.3,2.2,0,7.8,2.4,1.3,5.8,0.7,0
24071,Shefford,lpc,30.9,14.7,1.8,48.7,2.6,1.3,10.5,2.5,2,7.6,0.9,1.7
24072,Sherbrooke,lpc,21,15.2,2.9,53.4,6.6,0.9,8,1.9,3.1,5.9,2,1.2
24073,Terrebonne,lpc,33.3,13.9,1.6,46.6,3.5,1.1,10.8,2.4,1.7,7.8,1.2,1.5
24074,Th�r�se-De Blainville,lpc,29.7,13.3,2,50.5,3.5,1,10.4,2.2,2.2,7.7,1.2,1.3
24075,Trois-Rivi�res,lpc,20.8,33.9,1.3,39.6,3.7,0.7,7.9,3.9,1.4,4.3,1.2,0.9
24076,Vaudreuil,lpc,13.9,17.8,2.3,61.4,4.6,0,5.8,1.7,2.5,4.7,1.4,0
24077,Ville-Marie-Le Sud-Ouest-�le-des-S�urs,lpc,8,14,2.5,66.9,7.8,0.9,3.5,1.2,2.6,3.9,2.3,1.2
24078,Vimy,lpc,14.8,15,0,64.8,4,1.5,6,1.5,0,5,1.2,1.9
35001,Ajax,lpc,0,26,2.1,66.5,5.5,0,0,1.8,2.2,2.5,1.6,0
35002,Algonquin-Renfrew-Pembroke,cpc,0,58.3,1.9,27.3,9.8,2.8,0,3.6,2.1,2.1,2.8,3.6
35003,Aurora-Oak Ridges-Richmond Hill,lpc,0,42,0.2,53.4,3.2,1.2,0,2.2,0.2,2.3,1,1.6
35004,Barrie South-Innisfil,cpc,0,52.4,0,38,6.9,2.7,0,2.9,0,2.5,2,3.4
35005,Barrie-Springwater-Oro-Medonte,cpc,0,50.2,0.2,39.9,7.2,2.4,0,2.8,0.2,2.4,2.2,3.1
35006,Bay of Quinte,lpc,0,43,2,46.9,6.4,1.7,0,2.5,2.1,2.6,1.9,2.2
35007,Beaches-East York,lpc,0,15.2,2.4,71.8,9.5,1.1,0,1.2,2.6,3.3,2.7,1.4
35008,Bowmanville-Oshawa North,cpc,0,49.4,0,40.7,8.1,1.9,0,2.6,0,2.4,2.3,2.4
35009,Brampton Centre,lpc,0,32.5,0,59.9,6.5,1.2,0,2,0,2.4,1.9,1.5
35010,Brampton-Chinguacousy Park,lpc,0,31.5,0,61.7,6.8,0,0,1.9,0,2.3,2,0
35011,Brampton East,lpc,0,28.8,0,64.1,6.3,0.8,0,1.8,0,2.3,1.8,1.1
35012,Brampton North-Caledon,lpc,0,32.9,0.3,61,5.5,0.3,0,1.9,0.4,2.2,1.6,0.4
35013,Brampton South,lpc,0,29.4,0,64.3,5.4,0.9,0,1.8,0,2.2,1.6,1.2
35014,Brampton West,lpc,0,27.5,0,66.7,5,0.8,0,1.7,0,2.2,1.5,1
35015,Brantford-Brant South-Six Nations,cpc,0,46.4,2.6,38.5,9.3,3.2,0,3.3,2.8,2.9,2.7,4.1
35016,Bruce-Grey-Owen Sound,cpc,0,54.7,2.9,33.6,6,2.8,0,3.5,3.1,2.5,1.8,3.6
35017,Burlington,lpc,0,37.5,1.7,55.2,4.3,1.3,0,2.2,1.8,2.5,1.3,1.7
35018,Burlington North-Milton West,lpc,0,36.4,1.6,56.9,3.8,1.2,0,2.2,1.7,2.5,1.2,1.6
35019,Cambridge,lpc,0,37.2,3.1,49.9,7.4,2.4,0,2.7,3.3,3.3,2.2,3.2
35020,Carleton,cpc,0,53.4,1.9,39.2,4.7,0.9,0,2.5,2,2.2,1.4,1.2
35021,Chatham-Kent-Leamington,cpc,0,49.3,1.5,37.2,6.7,5.3,0,4.2,1.6,3.3,2,6.7
35022,Davenport,lpc,0,13.3,2.5,63.8,19.2,1.3,0,1.3,2.7,4.5,4.9,1.7
35023,Don Valley North,lpc,0,31.9,1.5,61.8,3.9,0.9,0,2,1.6,2.4,1.2,1.2
35024,Don Valley West,lpc,0,28.8,0.9,66,3.5,0.8,0,1.8,0.9,2.2,1.1,1
35025,Dufferin-Caledon,cpc,0,52.5,4.1,36.7,4.4,2.3,0,3.6,4.3,2.8,1.4,3.1
35026,Eglinton-Lawrence,lpc,0,35.9,2.5,57.1,3.6,0.9,0,2.2,2.7,2.7,1.1,1.2
35027,Elgin-St. Thomas-London South,cpc,0,58.1,2.2,27.7,7.6,4.4,0,4.4,2.4,2.4,2.3,5.7
35028,Essex,cpc,0,53.7,1.4,24.3,16.5,4.1,0,4.6,1.5,2.3,4.5,5.3
35029,Etobicoke Centre,lpc,0,34.7,0.3,58.6,4.4,2.1,0,2.2,0.3,2.6,1.3,2.7
35030,Etobicoke-Lakeshore,lpc,0,33.3,1.9,57.9,5.5,1.4,0,2.1,2,2.6,1.7,1.8
35031,Etobicoke North,lpc,0,25.1,0,69.5,4.1,1.3,0,1.7,0,2.3,1.3,1.7
35032,Flamborough-Glanbrook-Brant North,cpc,0,47.3,2.2,42,6.3,2.2,0,2.8,2.4,2.7,1.9,2.9
35033,Guelph,lpc,0,26.1,7.3,55.2,9.7,1.6,0,2.8,7.6,5.2,2.9,2.1
35034,Haldimand-Norfolk,cpc,0,53.3,0,37.1,5.9,3.7,0,3.4,0,2.7,1.8,4.7
35035,Haliburton-Kawartha Lakes,cpc,0,57.5,2.3,31.6,6.2,2.4,0,3.2,2.5,2.2,1.9,3.1
35036,Hamilton Centre,lpc,0,23.1,3.2,44.8,26,2.9,0,2.6,3.4,4.6,6.3,3.7
35037,Hamilton East-Stoney Creek,lpc,0,33.7,1.8,52.3,9.6,2.5,0,2.5,1.9,3.1,2.8,3.3
35038,Hamilton Mountain,lpc,0,30.4,2.1,50,15.1,2.4,0,2.5,2.2,3.6,4.1,3.1
35039,Hamilton West-Ancaster-Dundas,lpc,0,31.1,2.4,56.7,8.4,1.4,0,2.1,2.5,3,2.4,1.8
35040,Hastings-Lennox and Addington-Tyendinaga,cpc,0,48.2,1.6,43.6,4.6,1.9,0,2.6,1.7,2.5,1.4,2.5
35041,Humber River-Black Creek,lpc,0,17.6,1,73.5,6.6,1.2,0,1.3,1.1,2.5,2,1.6
35042,Huron-Bruce,cpc,0,56.4,0,34.6,6.5,2.5,0,3,0,2.3,1.9,3.3
35043,Kanata,lpc,0,37.8,2.2,53.1,6,0.9,0,2.3,2.4,2.6,1.8,1.2
35044,Kapuskasing-Timmins-Mushkegowuk,lpc,0,33.6,0.5,41.9,18.9,5.1,0,3.5,0.5,4.2,5.1,6.5
35045,Kenora-Kiiwetinoong,cpc,0,53,1.4,29,14.1,2.4,0,3.6,1.6,2.3,3.9,3.2
35046,Kingston and the Islands,lpc,0,28,2.4,55.4,13,1.2,0,2.1,2.5,3.3,3.6,1.7
35047,King-Vaughan,lpc,0,44.3,1.1,50.7,2.6,1.3,0,2.3,1.1,2.3,0.8,1.8
35048,Kitchener Centre,gpc,0,31,31.9,25.9,8.7,2.6,0,12.3,26.7,10.3,4.2,3.6
35049,Kitchener-Conestoga,lpc,0,39.8,4.4,48.4,5,2.4,0,3.1,4.7,3.5,1.5,3.1
35050,Kitchener South-Hespeler,lpc,0,38.7,3.2,48.8,7,2.3,0,2.7,3.3,3.2,2.1,3
35051,Lanark-Frontenac,cpc,0,54.7,2.5,34,6.7,2.1,0,3.1,2.7,2.3,2,2.8
35052,Leeds-Grenville-Thousand Islands-Rideau Lakes,cpc,0,55.3,3.3,33,6.5,2,0,3.3,3.5,2.4,1.9,2.6
35053,London Centre,lpc,0,29.2,2,52.8,14.1,1.9,0,2.3,2.1,3.4,3.9,2.5
35054,London-Fanshawe,lpc,0,33.8,0,38.4,23.9,3.9,0,3.5,0,3.9,5.9,5.1
35055,London West,lpc,0,38.4,0,49.6,10.2,1.8,0,2.4,0,2.7,2.9,2.3
35056,Markham-Stouffville,lpc,0,33.9,1.6,60.2,3.4,0.9,0,2,1.8,2.4,1.1,1.2
35057,Markham-Thornhill,lpc,0,25,1.6,69.7,3.1,0.5,0,1.6,1.7,2.2,1,0.7
35058,Markham-Unionville,lpc,0,40.4,2.2,54.9,2.5,0,0,2.3,2.4,2.5,0.8,0
35059,Middlesex-London,cpc,0,51,1.7,36.6,8,2.7,0,3.1,1.9,2.5,2.4,3.5
35060,Milton East-Halton Hills South,lpc,0,41.8,2.2,50.5,3.9,1.6,0,2.5,2.4,2.6,1.2,2
35061,Mississauga Centre,lpc,0,28.7,1.4,64.1,4.5,1.3,0,1.9,1.5,2.5,1.4,1.7
35062,Mississauga East-Cooksville,lpc,0,32.2,0.3,61.3,4.2,2.1,0,2.1,0.3,2.7,1.3,2.7
35063,Mississauga-Erin Mills,lpc,0,33.1,1.4,60.5,4,1,0,2,1.5,2.4,1.2,1.4
35064,Mississauga-Lakeshore,lpc,0,38.8,1.9,54.1,3.9,1.3,0,2.3,2,2.5,1.2,1.7
35065,Mississauga-Malton,lpc,0,30.5,1.6,62.4,5.4,0.1,0,1.9,1.7,2.4,1.6,0.1
35066,Mississauga-Streetsville,lpc,0,34.7,1.8,57.3,4.9,1.2,0,2.2,2,2.6,1.5,1.6
35067,Nepean,lpc,0,34.4,1.7,56.4,6.6,0.9,0,2.1,1.8,2.6,2,1.2
35068,Newmarket-Aurora,lpc,0,38.9,1.6,53.4,4.7,1.4,0,2.3,1.7,2.5,1.4,1.8
35069,New Tecumseth-Gwillimbury,cpc,0,51.6,1.1,39.2,5.6,2.5,0,2.9,1.2,2.4,1.7,3.3
35070,Niagara Falls-Niagara-on-the-Lake,lpc,0,41.3,1.8,46.4,7.8,2.6,0,2.7,2,2.9,2.3,3.4
35071,Niagara South,lpc,0,38.7,1.8,45.7,10.5,3.3,0,2.9,2,3.2,3,4.1
35072,Niagara West,cpc,0,48.2,2.6,40.7,6.1,2.4,0,3,2.8,2.7,1.8,3.2
35073,Nipissing-Timiskaming,lpc,0,36.3,0,50.3,10.6,2.8,0,2.6,0,3.2,3,3.6
35074,Northumberland-Clarke,cpc,0,46.7,2.3,43.3,5.9,1.8,0,2.7,2.5,2.6,1.8,2.4
35075,Oakville East,lpc,0,39.1,1.4,54.8,3.7,1,0,2.2,1.5,2.4,1.1,1.3
35076,Oakville West,lpc,0,37.9,1.5,56.1,3.4,1.1,0,2.2,1.5,2.4,1.1,1.5
35077,Orl�ans,lpc,0,28.9,1.4,63.1,5.8,0.8,0,1.9,1.5,2.4,1.7,1.1
35078,Oshawa,cpc,0,48.3,1.6,33.7,13.7,2.7,0,3.4,1.7,2.6,3.8,3.5
35079,Ottawa Centre,lpc,0,18.8,2.8,62.6,15,0.8,0,1.6,2.9,3.9,4.1,1.1
35080,Ottawa South,lpc,0,28.1,1.9,61.5,7.5,1,0,1.9,2.1,2.8,2.2,1.3
35081,Ottawa-Vanier-Gloucester,lpc,0,22.3,2.8,63.7,10,1.1,0,1.7,3,3.3,2.9,1.4
35082,Ottawa West-Nepean,lpc,0,29.6,2.6,58.1,8.6,1.1,0,2.1,2.8,3,2.5,1.4
35083,Oxford,cpc,0,55.4,2.7,29.3,8.7,3.9,0,4.1,2.9,2.5,2.6,5
35084,Parry Sound-Muskoka,cpc,0,54.7,5.4,29.6,7.6,2.7,0,4.4,5.6,2.7,2.3,3.5
35085,Perth-Wellington,cpc,0,55.3,0,33.5,7.8,3.4,0,3.5,0,2.5,2.3,4.4
35086,Peterborough,lpc,0,42.7,2.1,45.4,8.3,1.5,0,2.6,2.2,2.6,2.4,2
35087,Pickering-Brooklin,lpc,0,34.7,0.2,58.4,5.4,1.2,0,2,0.2,2.4,1.6,1.6
35088,Prescott-Russell-Cumberland,lpc,0,33.4,1.8,58.3,4.4,2.1,0,2.2,1.9,2.8,1.3,2.7
35089,Richmond Hill South,lpc,0,38.6,0,57,3.5,0.9,0,2.1,0,2.2,1.1,1.2
35090,Sarnia-Lambton-Bkejwanong,cpc,0,56.2,1.5,28.1,10.1,4.1,0,4.1,1.6,2.4,2.9,5.3
35091,Sault Ste. Marie-Algoma,lpc,0,41,0.6,44.6,11.8,1.9,0,2.7,0.7,2.7,3.3,2.5
35092,Scarborough-Agincourt,lpc,0,28.4,1.4,65.4,3.9,0.9,0,1.8,1.5,2.3,1.2,1.1
35093,Scarborough Centre-Don Valley East,lpc,0,25.4,0,67.7,5.5,1.4,0,1.7,0,2.4,1.7,1.7
35094,Scarborough-Guildwood-Rouge Park,lpc,0,21.7,0,72.1,5.2,0.9,0,1.5,0,2.1,1.6,1.2
35095,Scarborough North,lpc,0,17.5,0,77.3,4.5,0.7,0,1.2,0,1.8,1.3,1
35096,Scarborough Southwest,lpc,0,20.8,1.9,70,6.4,0.9,0,1.5,2.1,2.7,1.9,1.2
35097,Scarborough-Woburn,lpc,0,22.3,0,71.6,5.2,1,0,1.5,0,2.2,1.6,1.3
35098,Simcoe-Grey,cpc,0,51.7,3.8,36.4,5.7,2.4,0,3.5,4.1,2.7,1.7,3.1
35099,Simcoe North,cpc,0,46.7,2.9,40.8,7,2.6,0,3.1,3.1,2.8,2.1,3.4
35100,Spadina-Harbourfront,lpc,0,25.7,3.2,54.1,15.8,1.1,0,2.2,3.4,3.7,4.2,1.5
35101,St. Catharines,lpc,0,36,1.8,50.5,9.4,2.3,0,2.5,1.9,3,2.7,3
35102,Stormont-Dundas-Glengarry,cpc,0,58.7,2.1,32,4.7,2.6,0,3.2,2.3,2.2,1.4,3.3
35103,Sudbury,lpc,0,32.8,2,49.4,13.5,2.3,0,2.5,2.1,3.3,3.7,2.9
35104,Sudbury East-Manitoulin-Nickel Belt,lpc,0,33,1.8,47,14.8,3.4,0,2.8,1.9,3.6,4,4.4
35105,Taiaiako�n-Parkdale-High Park,lpc,0,16.2,1.9,62.2,18.4,1.2,0,1.5,2.1,4.2,4.8,1.6
35106,Thornhill,cpc,0,51.7,1.4,43.1,2.4,1.5,0,2.5,1.5,2.3,0.7,1.9
35107,Thunder Bay-Rainy River,lpc,0,34.5,1.4,48.3,13.3,2.4,0,2.6,1.6,3.2,3.7,3.2
35108,Thunder Bay-Superior North,lpc,0,27.7,1.7,55.8,12.7,2.1,0,2.1,1.9,3.4,3.6,2.8
35109,Toronto Centre,lpc,0,14.3,7.4,66,11.5,0.8,0,1.6,7.6,6.1,3.4,1.1
35110,Toronto-Danforth,lpc,0,14.6,1.9,67.1,15.5,0.9,0,1.3,2.1,3.9,4.2,1.2
35111,Toronto-St. Paul's,lpc,0,27.2,4.8,60.7,6.5,0.8,0,2.2,5,3.9,2,1.1
35112,University-Rosedale,lpc,0,20.1,4.2,62.3,12.5,0.9,0,1.8,4.4,4.1,3.5,1.2
35113,Vaughan-Woodbridge,lpc,0,40,0.8,54.8,2.7,1.7,0,2.2,0.9,2.4,0.8,2.2
35114,Waterloo,lpc,0,29.3,3.1,58,8.1,1.5,0,2.1,3.3,3.3,2.4,2
35115,Wellington-Halton Hills North,cpc,0,50,4.2,38.7,5.1,2.1,0,3.5,4.5,2.8,1.5,2.7
35116,Whitby,lpc,0,35.6,1.4,55.7,5.9,1.4,0,2.2,1.5,2.6,1.8,1.9
35117,Willowdale,lpc,0,33.3,1.6,60.2,4,0.8,0,2,1.8,2.4,1.2,1.1
35118,Windsor-Tecumseh-Lakeshore,lpc,0,33.7,1.3,46.1,14.9,4,0,3,1.4,3.7,4.1,5.1
35119,Windsor West,lpc,0,26.6,0,45.7,24,3.6,0,2.8,0,4.4,6,4.6
35120,York Centre,lpc,0,37.9,0,56.6,4,1.5,0,2.2,0,2.4,1.2,1.9
35121,York-Durham,cpc,0,55.4,0.5,36.6,5.4,2.1,0,2.8,0.5,2.2,1.6,2.8
35122,York South-Weston-Etobicoke,lpc,0,22.9,1.6,67.8,6.1,1.6,0,1.6,1.8,2.8,1.8,2.1
46001,Brandon-Souris,cpc,0,70.4,0,17,9.6,3,0,3.9,0,1.4,2.8,4
46002,Churchill-Keewatinook Aski,lpc,0,32.1,3.4,40,22.3,2.1,0,3.2,3.7,3.8,5.7,2.8
46003,Elmwood-Transcona,cpc,0,41.3,1.9,25.9,28.2,2.7,0,4.4,2.1,2.9,6.5,3.5
46004,Kildonan-St. Paul,cpc,0,48.6,0.3,38.3,10.8,2,0,2.8,0.3,2.4,3.1,2.5
46005,Portage-Lisgar,cpc,0,67.5,0,17,6.9,8.6,0,8.1,0,2.3,2.2,10.6
46006,Provencher,cpc,0,60.1,2.7,24.6,6,6.6,0,6,2.9,2.8,1.9,8.3
46007,Riding Mountain,cpc,0,69.4,2.1,17.9,6.8,3.8,0,4.5,2.2,1.6,2,4.9
46008,St. Boniface-St. Vital,lpc,0,30.8,1.4,57.2,9.1,1.5,0,2.1,1.5,2.8,2.6,1.9
46009,Selkirk-Interlake-Eastman,cpc,0,66.9,2.7,18.6,9,2.8,0,4,2.9,1.6,2.6,3.6
46010,Winnipeg Centre,lpc,0,18.2,2.9,49.2,27.8,1.9,0,2.1,3.1,5.1,6.6,2.5
46011,Winnipeg North,lpc,0,14.9,1.2,70.4,12.1,1.4,0,1.2,1.2,3.4,3.4,1.8
46012,Winnipeg South,lpc,0,33.2,1.3,58.6,5.8,1.1,0,2,1.4,2.5,1.7,1.4
46013,Winnipeg South Centre,lpc,0,30,2.4,57.9,8.8,0.9,0,2.1,2.6,2.9,2.6,1.2
46014,Winnipeg West,lpc,0,42,1.8,48.9,6.2,1.1,0,2.4,1.9,2.5,1.8,1.5
47001,Battlefords-Lloydminster-Meadow Lake,cpc,0,80.3,0.8,10.5,6.1,2.3,0,3.1,0.9,0.8,1.9,2.9
47002,Carlton Trail-Eagle Creek,cpc,0,81.2,0.9,7.8,6.7,3.4,0,4.3,1,0.7,2,4.5
47003,Desneth�-Missinippi-Churchill River,lpc,0,26.1,1.1,61.2,10.5,1.1,0,1.8,1.2,2.9,3,1.4
47004,Moose Jaw-Lake Centre-Lanigan,cpc,0,76.2,1.1,9,9.4,4.3,0,5.2,1.2,0.9,2.8,5.6
47005,Prince Albert,cpc,0,73.4,1.1,16.2,6.8,2.5,0,3.3,1.2,1.3,2,3.2
47006,Regina-Lewvan,cpc,0,58.3,1.3,21.6,17.4,1.4,0,3.9,1.4,1.8,4.6,1.8
47007,Regina-Qu'Appelle,cpc,0,71.2,1.9,14.5,10.6,1.8,0,3.6,2,1.2,3.1,2.4
47008,Regina-Wascana,cpc,0,54.4,1.5,35.1,7.8,1.2,0,2.7,1.6,2.2,2.3,1.6
47009,Saskatoon South,cpc,0,60.8,1.3,21.2,15,1.8,0,3.7,1.4,1.7,4.1,2.3
47010,Saskatoon-University,cpc,0,62.2,1.1,16.9,18.2,1.7,0,4.2,1.1,1.5,4.8,2.2
47011,Saskatoon West,cpc,0,61.7,1.2,13.3,21.1,2.6,0,5,1.3,1.3,5.4,3.4
47012,Souris-Moose Mountain,cpc,0,87.2,0.1,5.8,3.7,3.3,0,4,0.1,0.5,1.1,4.3
47013,Swift Current-Grasslands-Kindersley,cpc,0,85.7,0.8,5.8,4.8,2.8,0,3.6,0.9,0.5,1.5,3.6
47014,Yorkton-Melville,cpc,0,80.5,1.7,8.8,5.6,3.4,0,4.3,1.9,0.8,1.7,4.3
48001,Airdrie-Cochrane,cpc,0,73.4,1.3,14.9,7.2,3.1,0,3.9,1.4,1.3,2.2,4.1
48002,Battle River-Crowfoot,cpc,0,85,0.9,6.1,4.6,3.5,0,4.3,1,0.6,1.4,4.5
48003,Bow River,cpc,0,81.1,0,11,4.3,3.5,0,4.2,0,1,1.3,4.6
48004,Calgary Centre,cpc,0,53.7,1.5,38,6.9,0,0,2.4,1.6,2.1,2,0
48005,Calgary Confederation,cpc,0,50.4,3.5,36.8,7.7,1.6,0,3.2,3.7,2.6,2.3,2.1
48006,Calgary Crowfoot,cpc,0,60.9,1.6,28.8,7.1,1.6,0,2.9,1.7,1.9,2.1,2.1
48007,Calgary East,cpc,0,61.3,2.1,25.7,8.3,2.6,0,3.5,2.2,1.9,2.4,3.3
48008,Calgary Heritage,cpc,0,66.7,1.4,22.2,7.9,1.8,0,3.1,1.5,1.6,2.3,2.4
48009,Calgary McKnight,lpc,0,35.9,1,55,6.7,1.3,0,2.2,1.1,2.5,2,1.7
48010,Calgary Midnapore,cpc,0,70.4,1.3,17.4,8.6,2.2,0,3.3,1.4,1.4,2.5,2.9
48011,Calgary Nose Hill,cpc,0,62.1,1.5,27.2,7.5,1.7,0,2.9,1.7,1.9,2.2,2.2
48012,Calgary Shepard,cpc,0,70,1.6,19.1,7.3,2.1,0,3.2,1.8,1.5,2.1,2.7
48013,Calgary Signal Hill,cpc,0,65.5,1.6,25.4,6.1,1.4,0,2.8,1.7,1.7,1.9,1.8
48014,Calgary Skyview,cpc,0,48.3,0.8,42.6,7,1.2,0,2.4,0.9,2.3,2.1,1.6
48015,Edmonton Centre,lpc,0,39,0.1,44.7,14.4,1.8,0,2.7,0.1,2.9,3.9,2.4
48016,Edmonton Gateway,cpc,0,50.4,0.2,35.6,11.8,2.1,0,3,0.2,2.4,3.3,2.7
48017,Edmonton Griesbach,cpc,0,49.6,1.3,24.8,21.8,2.5,0,4.3,1.4,2.3,5.5,3.3
48018,Edmonton Manning,cpc,0,51.2,0,30.7,15.3,2.7,0,3.6,0,2.4,4.1,3.5
48019,Edmonton Northwest,cpc,0,51.7,0,32.8,13.1,2.4,0,3.3,0,2.4,3.6,3
48020,Edmonton Riverbend,cpc,0,52.1,1.1,34.2,11.2,1.4,0,2.9,1.2,2.3,3.2,1.9
48021,Edmonton Southeast,lpc,0,42.3,0,45.7,10,2,0,2.6,0,2.7,2.8,2.6
48022,Edmonton Strathcona,cpc,0,42.5,1.7,17.2,36.4,2.3,0,5.4,1.8,2.3,7.5,2.9
48023,Edmonton West,cpc,0,52.9,0.1,33.9,11.2,1.8,0,3,0.1,2.3,3.2,2.4
48024,Foothills,cpc,0,80.5,1.3,9.8,5.3,3,0,3.8,1.4,0.9,1.6,3.9
48025,Fort McMurray-Cold Lake,cpc,0,79.7,1,10,4.7,4.6,0,5.3,1.1,1,1.5,5.9
48026,Grande Prairie,cpc,0,84.2,0,6.2,5.7,3.9,0,4.7,0,0.6,1.8,5
48027,Lakeland,cpc,0,82.9,0.9,7.1,5,4.1,0,4.9,1,0.7,1.5,5.3
48028,Leduc-Wetaskiwin,cpc,0,77,0,10.3,8.5,4.2,0,4.9,0,1,2.5,5.4
48029,Lethbridge,cpc,0,66.6,0,21.7,9.2,2.6,0,3.4,0,1.7,2.7,3.4
48030,Medicine Hat-Cardston-Warner,cpc,0,78.4,1.4,10.1,6.6,3.5,0,4.3,1.5,0.9,2,4.5
48031,Parkland,cpc,0,78.4,0,9.3,8,4.3,0,5.1,0,0.9,2.4,5.5
48032,Peace River-Westlock,cpc,0,79.4,0.8,8.3,6.6,4.9,0,5.6,0.9,0.8,2,6.2
48033,Ponoka-Didsbury,cpc,0,82.8,0,6.8,5.3,5.1,0,5.8,0,0.7,1.7,6.4
48034,Red Deer,cpc,0,75,0,12.1,8.5,4.3,0,5,0,1.2,2.6,5.6
48035,Sherwood Park-Fort Saskatchewan,cpc,0,69,1,17.6,9.8,2.6,0,3.7,1.1,1.4,2.8,3.4
48036,St. Albert-Sturgeon River,cpc,0,68.8,0,16.7,11.5,3,0,4,0,1.4,3.3,3.9
48037,Yellowhead,cpc,0,72.8,1.3,15.4,7,3.5,0,4.1,1.4,1.3,2.1,4.5
59001,Abbotsford-South Langley,cpc,0,51.3,3,35.1,8.2,2.5,0,3.3,3.2,2.5,2.4,3.2
59002,Burnaby Central,lpc,0,28.1,3.2,47.4,20,1.4,0,2.6,3.3,3.9,5.1,1.8
59003,Burnaby North-Seymour,lpc,0,29.6,3.2,54.5,11.7,0.9,0,2.3,3.4,3.3,3.3,1.2
59004,Cariboo-Prince George,cpc,0,60.8,3.5,23.1,9.6,3,0,4.2,3.7,2,2.8,3.9
59005,Chilliwack-Hope,cpc,0,56.3,2.9,25.1,12.8,2.9,0,4.1,3.1,2.1,3.6,3.8
59006,Cloverdale-Langley City,lpc,0,39.1,0,50.7,8.6,1.7,0,2.4,0,2.6,2.5,2.1
59007,Columbia-Kootenay-Southern Rockies,cpc,0,58.8,4.2,14.4,19.5,3,0,5.3,4.4,1.6,5.1,3.9
59008,Coquitlam-Port Coquitlam,lpc,0,34.3,0,51.7,12.5,1.6,0,2.3,0,2.9,3.5,2
59009,Courtenay-Alberni,cpc,0,43.5,8.2,22.7,23.5,2.1,0,5.5,8.4,3,6.1,2.8
59010,Cowichan-Malahat-Langford,cpc,0,39.4,7.2,27.2,23.5,2.7,0,4.8,7.3,3.4,6,3.6
59011,Delta,lpc,0,35.5,2,53.9,7.7,0.8,0,2.2,2.2,2.6,2.3,1.1
59012,Esquimalt-Saanich-Sooke,lpc,0,28.7,10.1,35.8,23.4,2,0,4.2,10.2,5.1,6.3,2.6
59013,Fleetwood-Port Kells,lpc,0,30.3,1.7,58.4,8.6,1,0,2,1.9,2.7,2.5,1.3
59014,Kamloops-Shuswap-Central Rockies,cpc,0,55.2,5.2,24.4,12.2,3.1,0,4.7,5.4,2.4,3.5,4
59015,Kamloops-Thompson-Nicola,cpc,0,53.7,3.9,26.1,14,2.3,0,4.1,4.2,2.3,3.9,3
59016,Kelowna,cpc,0,48.7,2.9,36.1,9.7,2.6,0,3.3,3.1,2.7,2.8,3.4
59017,Langley Township-Fraser Heights,cpc,0,48.6,2.3,39.1,8.5,1.5,0,2.8,2.4,2.5,2.5,2
59018,Mission-Matsqui-Abbotsford,cpc,0,53.2,3.5,32.7,8.1,2.5,0,3.6,3.8,2.5,2.4,3.2
59019,Nanaimo-Ladysmith,cpc,0,35.2,26.5,20.9,15.4,2.1,0,11.5,23.3,6.8,6.4,2.8
59020,New Westminster-Burnaby-Maillardville,lpc,0,29,4.4,38.7,26.2,1.6,0,3.2,4.6,4.1,6.3,2.1
59021,North Island-Powell River,cpc,0,48.9,6.6,21.5,21.1,1.9,0,5.3,6.8,2.5,5.6,2.5
59022,North Vancouver-Capilano,lpc,0,31,3.8,56.4,8,0.9,0,2.3,4,3.3,2.3,1.1
59023,Okanagan Lake West-South Kelowna,cpc,0,54.9,2.6,31.6,8.5,2.4,0,3.4,2.8,2.3,2.5,3.1
59024,Pitt Meadows-Maple Ridge,cpc,0,45.9,0.3,36.4,15.3,2.1,0,3.2,0.3,2.7,4.1,2.8
59025,Port Moody-Coquitlam,lpc,0,38.9,0,42.9,16.9,1.3,0,2.8,0,3,4.5,1.7
59026,Prince George-Peace River-Northern Rockies,cpc,0,72.1,3.5,13.5,6.9,4,0,5.2,3.7,1.3,2.1,5.1
59027,Richmond Centre-Marpole,lpc,0,38.1,2.8,49.6,8.7,0.8,0,2.5,3,2.8,2.5,1.1
59028,Richmond East-Steveston,lpc,0,35.9,2.1,53,8.1,0.8,0,2.2,2.3,2.7,2.4,1
59029,Saanich-Gulf Islands,gpc,0,27.9,33.6,27.8,9.5,1.2,0,11.7,27.4,11.6,4.8,1.6
59030,Similkameen-South Okanagan-West Kootenay,cpc,0,50.9,3.8,21.5,20.9,2.9,0,4.8,4.1,2.3,5.4,3.8
59031,Skeena-Bulkley Valley,cpc,0,53.4,4.7,13.5,24.8,3.5,0,5.9,4.9,1.6,6.2,4.6
59032,South Surrey-White Rock,lpc,0,44.2,0,48.4,6.1,1.3,0,2.3,0,2.3,1.8,1.7
59033,Surrey Centre,lpc,0,23.5,2.1,60.6,12.4,1.4,0,1.8,2.3,3.4,3.4,1.8
59034,Surrey Newton,lpc,0,16.6,0,71.2,11.3,0.9,0,1.3,0,3,3.2,1.2
59035,Vancouver Centre,lpc,0,25.2,3.7,56.1,13.8,1.2,0,2.2,3.9,3.9,3.8,1.6
59036,Vancouver East,lpc,0,17,10,36.9,34.7,1.4,0,2.9,10,6.1,8.3,1.8
59037,Vancouver Fraserview-South Burnaby,lpc,0,25.2,1,58.5,14.2,1.1,0,1.9,1.1,3.3,3.9,1.4
59038,Vancouver Granville,lpc,0,28.9,2.7,52.2,15.3,0.9,0,2.3,2.9,3.5,4.2,1.1
59039,Vancouver Kingsway,lpc,0,19.5,4.2,47.9,27.4,1,0,2.3,4.5,5,6.5,1.3
59040,Vancouver Quadra,lpc,0,30.9,5.3,54.9,8.2,0.7,0,2.6,5.5,3.9,2.4,0.9
59041,Vernon-Lake Country-Monashee,cpc,0,52.5,5.2,28.4,10.3,3.6,0,4.6,5.5,2.7,3.1,4.6
59042,Victoria,lpc,0,18.6,12.4,44.2,23.5,1.3,0,3.1,12.2,7.2,6.5,1.8
59043,West Vancouver-Sunshine Coast-Sea to Sky Country,lpc,0,33.8,6.6,45.9,12.3,1.4,0,3.3,6.8,4.2,3.6,1.8
60001,Yukon,lpc,0,33.3,4.7,50.7,11.3,0,0,2.7,5,3.6,3.2,0
61001,Northwest Territories,lpc,0,19.2,2.6,61,17.1,0,0,1.7,2.8,4,4.5,0
62001,Nunavut,lpc,0,21,0,54.8,24.1,0,0,2,0,4.4,5.8,0
